/support       /support/index.html       200
/learn         /learn/index.html         200
/warranty      /warranty/index.html      200
/about         /about/index.html         200
/affiliates    /affiliates/index.html    200
/influencers   /influencers/index.html   200
/privacy       /privacy/index.html       200
/tos           /tos/index.html           200
/register      /register/index.html      200
/referral      /referral/index.html      200
/discount_site /app/discount_site/index.html     200

/*             /app/index.html           200
